{
  "name": "FeedEk",
  "title": "FeedEk jQuery RSS/ATOM Feed Plugin",
  "description": "FeedEk is a jQuery plugin for parsing and displaying RSS and Atom feeds. You can obtain feeds easily from any domain.",
  "version": "3.0.0",
  "homepage": "https://github.com/enginkizil/FeedEk",
  "author": {
    "name": "Engin KIZIL",
    "url": "http://www.enginkizil.com"
  },
  "licenses": [
    {
      "type": "MIT",
      "url": "http://opensource.org/licenses/mit-license.php"
    }
  ],
  "dependencies": {
    "jquery": ">=1.6.2"
  },
  "homepage": "http://jquery-plugins.net/FeedEk/FeedEk.html",
  "demo": "http://jquery-plugins.net/FeedEk/FeedEk_demo.html",
  "docs": "http://jquery-plugins.net/FeedEk/FeedEk.html",  
  "download": "http://jquery-plugins.net/FeedEk/FeedEk.html",
  "keywords": ["feed", "rss", "atom", "reader", "parser", "jQuery", "plugin"]
}
